{
  "schedule_day": {
    "precision": 0.9642857142857143,
    "recall": 1.0,
    "f1-score": 0.9818181818181818,
    "support": 108,
    "confused_with": {}
  },
  "ticket_price": {
    "precision": 0.9375,
    "recall": 1.0,
    "f1-score": 0.967741935483871,
    "support": 15,
    "confused_with": {}
  },
  "mention": {
    "precision": 0.9473684210526315,
    "recall": 0.72,
    "f1-score": 0.8181818181818181,
    "support": 25,
    "confused_with": {
      "ticket_price": 1
    }
  },
  "use_public_transport": {
    "precision": 0.9523809523809523,
    "recall": 0.975609756097561,
    "f1-score": 0.963855421686747,
    "support": 41,
    "confused_with": {}
  },
  "micro avg": {
    "precision": 0.9576719576719577,
    "recall": 0.9576719576719577,
    "f1-score": 0.9576719576719578,
    "support": 189
  },
  "macro avg": {
    "precision": 0.9503837719298245,
    "recall": 0.9239024390243902,
    "f1-score": 0.9328993392926545,
    "support": 189
  },
  "weighted avg": {
    "precision": 0.9573396122581584,
    "recall": 0.9576719576719577,
    "f1-score": 0.9551593143509195,
    "support": 189
  }
}